"X1","X2","prob","class","ldaprob","qdaprob"
2.46857091321519,2.28742014951635,0.964725101914514,"Class1",0.22718354417943,0.731313625800274
-0.188940698312735,-1.6394945523854,0.991393778632907,"Class1",0.5939344100137,0.808386101447799
-1.91014595421366,-2.89194964499401,0.999999993274139,"Class1",0.846943708014481,0.998501931909268
0.348127897115833,0.0670743428242628,0.152969717999121,"Class1",0.565137271649534,0.354924670458242
0.1401152538257,0.86900555205965,0.556306238825235,"Class1",0.654300629426814,0.526495153634328
0.771714820500519,-0.915048349576422,0.271324806715504,"Class2",0.411772500195014,0.360405465854381
1.36175136224073,1.1799655744933,0.212530594943805,"Class2",0.392495703313212,0.370142663350873
0.334513514559442,-0.767406486908691,0.374354324860174,"Class1",0.521601316010167,0.427444869610389
1.49843527979059,1.03175105997954,0.0897319913344281,"Class2",0.354710715794292,0.29270824604733
0.600023241398182,-0.846450139921355,0.301725130495637,"Class2",0.455062217210725,0.383769335129897
0.366080539096866,0.64329073647404,0.282657371619375,"Class2",0.592729800134451,0.422480829307857
-0.435813336798566,-1.37248240956853,0.973430330873528,"Class2",0.661929922046371,0.765452144093312
1.52482531729702,2.31165332693284,0.997918978320102,"Class1",0.417204182525281,0.873232272803708
0.397051333432225,0.00124680109816028,0.138759746530343,"Class2",0.55016225130588,0.343087033895333
0.555679750775908,-0.819818113122167,0.303875166656517,"Class2",0.46688243354062,0.388010200054583
-1.83335309994747,-1.7219270305475,0.999638372749645,"Class1",0.870221934620966,0.954679281526506
0.947359404333476,2.18535239745222,0.998464424701313,"Class1",0.544501865024271,0.885792468707971
0.882429662584632,0.882354093851274,0.203672332708638,"Class2",0.486317041719726,0.373860785191587
0.421040628760351,-1.6621546099144,0.974617363163735,"Class1",0.451011977625033,0.709234725126657
2.46856839821418,1.4875802164146,0.0612196691463076,"Class2",0.197055170644869,0.263307582799113
-2.12239101540896,-1.07781624963245,0.990689413964358,"Class1",0.910455175909534,0.893054532953851
1.39500668261032,1.96843142450568,0.972621113405661,"Class1",0.427991880227671,0.7473508191548
2.32050977883244,-0.31336103990077,0.00146917735190811,"Class2",0.158091589112656,0.0728023303458249
0.789107083498324,-0.953920004840894,0.29259262612553,"Class1",0.405712754439221,0.365844190658743
0.448997955023607,-0.457654537693766,0.179546885631998,"Class2",0.512263852506693,0.352632244589402
1.42745804493664,1.00641828374373,0.0965039445775174,"Class2",0.368748804437709,0.299098158406126
2.01538799030907,2.44838353206884,0.997862609928144,"Class1",0.317952865361786,0.87236003203539
0.850798155042395,-0.580518326020126,0.102259738170618,"Class2",0.412106607370879,0.284221985492466
1.74248767437147,-1.29311278090299,0.148306368954735,"Class1",0.205567171160716,0.246273095651268
-0.161185098579489,-0.203957339818929,0.354428637465052,"Class2",0.663344784592361,0.463535803458195
0.830996978580083,-0.102610585888772,0.058466978930546,"Class2",0.443037846638901,0.25860142267609
-0.664548244041155,0.740561947868335,0.792100849735988,"Class1",0.796279645759057,0.648370963302034
1.73556071833441,0.990475643281878,0.0426365334714495,"Class2",0.303652567540307,0.237738967584719
0.286856054236454,0.501440824372222,0.252130141725639,"Class2",0.602885386280376,0.411865511050622
-0.543540997266848,-2.93584817732924,0.999999968282704,"Class1",0.603490602483509,0.995475833901208
1.40627040966035,0.34808755264325,0.0186016122509212,"Class2",0.339322999480089,0.185791735133787
0.0142494751843645,-0.468342560790013,0.356669260220858,"Class1",0.611621576528776,0.448784836253023
0.028916075999228,-0.779122811654181,0.538937333844575,"Class2",0.591518122668576,0.500258597211335
-0.0501286000180283,-0.650315095850645,0.486396875872189,"Class2",0.616188922938241,0.491693560906395
0.85201832439075,0.207785651231345,0.0593636828357523,"Class2",0.455495709867192,0.265363149829016
1.51144629873342,0.882642523975103,0.0510926298078113,"Class2",0.34428771442581,0.251016000465177
1.24214938006142,1.49965656170125,0.669307317241706,"Class2",0.437188570920274,0.537308225197855
0.7019268572782,-0.625176022726166,0.151780524468728,"Class2",0.443786473701485,0.32060800072355
1.40120494703604,-1.5126901676205,0.594205448480337,"Class1",0.25321537650826,0.40097514529665
2.6919914263445,1.33236615455076,0.0136140242077549,"Class2",0.161211250887751,0.173958747918119
-0.121284123117528,-1.26218912613633,0.918778796915412,"Class1",0.599167542654,0.672570880988861
-0.230677252303101,-0.0372018980012107,0.366672187641645,"Class2",0.685896734374158,0.474235926054042
1.36956489241781,0.319121615344504,0.0196353289816355,"Class2",0.345597720937637,0.18874939146396
2.21458172046799,2.57617953998535,0.998955700558533,"Class1",0.284743478913463,0.896806464287399
-0.261107862014337,0.470563481607553,0.487862445324693,"Class2",0.715882519876274,0.520546657732772
0.55654585584296,-1.1403925888366,0.604906186641583,"Class1",0.448723674765995,0.475374397449509
2.52899442272966,1.86564030580156,0.407110377236552,"Class2",0.201634259527195,0.443557187045419
0.41226299860988,-0.379490616619925,0.172146279230839,"Class2",0.525262843493814,0.352733331975813
1.28455645740092,-2.25729691574597,0.998151718056452,"Class1",0.242272704157408,0.795078062937857
1.60614559880472,1.63335939729879,0.647368916650619,"Class2",0.362721905530783,0.525117283237297
2.43573621974359,0.97880505805897,0.00581249484069292,"Class2",0.184093156624163,0.132929912227065
0.473753566299221,-0.21080205959295,0.129710530091032,"Class2",0.520382735141543,0.329513646920378
3.1882796989522,2.78554934476233,0.997782125017624,"Class1",0.143511586689866,0.878733170989264
0.889355675698048,0.536458999930087,0.0861697583733693,"Class2",0.465230080516518,0.296414092274159
1.58325128254377,2.35605591193937,0.99839681643834,"Class1",0.406367853626919,0.882269950719723
1.27921446484487,1.5497347263702,0.714562746545243,"Class1",0.431430320147511,0.554228292483164
3.28728231389693,0.429984140393634,8.55745624782356e-05,"Class2",0.0823481892022425,0.0324656715940693
3.00895627263896,1.69509913640917,0.0438578047691268,"Class2",0.134184042651715,0.245600628000597
0.732057782119133,-0.263596647632013,0.080740295764418,"Class2",0.456995886057463,0.280755442059344
0.940892911315441,0.991720430495992,0.251275171347138,"Class2",0.478798161071363,0.394478165094225
1.45190173015835,-0.882721981501179,0.059133091939522,"Class2",0.271530430598737,0.214852355676413
-0.236064320776692,-1.37463396182343,0.962320103010201,"Class1",0.618739235293324,0.73174773993546
0.706123322484537,-0.512906524449613,0.120699526616806,"Class2",0.449076397675708,0.305260058273489
0.643349684423458,-2.78888121907086,0.999998123757877,"Class1",0.340908809673858,0.974754593869279
-0.598624459046426,-0.96969154680868,0.881444628302204,"Class1",0.714106861134587,0.680767250737715
-0.0141900263350343,0.47308605814723,0.371908177255206,"Class2",0.66669323120291,0.470058641844384
0.294500811578663,-0.0101235848871152,0.167124824704576,"Class1",0.573190038331841,0.363870989329217
-0.146596353665018,-3.60175393556172,0.999999999989011,"Class1",0.474444813967554,0.999523437614962
-0.153672335940886,-0.544334994794609,0.473829639613368,"Class2",0.644367630368659,0.496679792540028
1.25717406243287,-0.253763143015756,0.0240881091520785,"Class2",0.340199901043406,0.189889968823329
1.03195529782111,-0.191071952419211,0.0390199737864625,"Class2",0.392417528046352,0.224525195554752
-0.362783613809911,-2.19538223186423,0.999912049735521,"Class1",0.602940273353107,0.947679047966828
0.765109540771685,1.06472387241717,0.406121167799119,"Class1",0.524075478421887,0.456869424313708
0.0638665579755258,-3.49339881124387,0.999999999922374,"Class1",0.431651329055843,0.999047150861403
-1.11310804426372,-1.93506446148444,0.999789825689487,"Class1",0.764902411004022,0.949208496485126
0.499726973090942,-0.84258607148271,0.347624650169554,"Class1",0.47867299927197,0.405955904287632
2.49706532667915,2.16632957994702,0.895179040406884,"Class1",0.217836283889893,0.649286354066624
-0.353794079122563,-1.88396311003592,0.998866360913554,"Class1",0.61765153178631,0.892449987938773
0.697352328869838,-0.847778938918658,0.258360677487514,"Class2",0.432474606855783,0.36196027299704
1.7793213100905,1.15958037542194,0.0756770771778854,"Class2",0.303050387864284,0.277972116315879
0.448667680501624,-0.246068158560873,0.139854757832197,"Class2",0.524263221676701,0.336145692103948
1.91652409402561,1.66968320454655,0.502005713852127,"Class2",0.300213219979661,0.4735336055749
0.0754657472696929,-0.0878373140295871,0.242937846005795,"Class2",0.61837005402806,0.409524561607172
0.597696699920516,-2.08319922693962,0.998361928729411,"Class1",0.387653322373212,0.838521928267358
2.22881516035913,1.87937923378642,0.648620026014059,"Class1",0.251306037238471,0.524345941294531
0.126602118759664,0.873446659497634,0.566947632107983,"Class2",0.657385639983574,0.530543976502094
1.06754810675624,2.67374694637935,0.999982173693305,"Class1",0.54390128184681,0.969996695854687
1.62912268538124,0.518916210979958,0.0140566203090273,"Class2",0.302244625441015,0.171187309199579
0.357682691732575,-0.943662640793871,0.510010060867055,"Class2",0.506240339611219,0.464472490895567
0.839629679537817,-0.990057658350234,0.297375569910871,"Class2",0.39240184904595,0.36335619928026
1.04466269477028,-1.47148843253433,0.735550131156606,"Class1",0.323428999673701,0.476498156541334
1.79529434896272,0.923764255538219,0.028511435144782,"Class2",0.288843364506615,0.212048563462052
0.802510089814256,0.518803939550651,0.100154452696403,"Class2",0.484532268660506,0.310237538874881
2.28887863680538,0.304023597315622,0.00159276513290077,"Class2",0.18190293616111,0.0837170187208354
1.38860751591825,1.30580012053863,0.320247791287901,"Class2",0.393265841337117,0.414596314230631
2.35097617360545,1.55059126376634,0.11933910223749,"Class2",0.217488241454097,0.313975609175703
0.376235742619933,0.366990026724817,0.18072862333826,"Class2",0.575269398347872,0.373562317047465
0.630548501166479,-1.00041591118179,0.416064242734553,"Class1",0.439399936164579,0.415159173079129
0.921039229043768,-0.578152504056476,0.0876061559535883,"Class2",0.396381541275549,0.27019382265561
-0.464797697248314,-5.06638607235829,1,"Class1",0.466393431791652,0.99999985894468
1.58424917313188,-0.103084840092443,0.00947841578362664,"Class2",0.281920229448279,0.143159883883032
1.28582811367868,-0.918223303950453,0.0983176313515907,"Class2",0.301697637679664,0.251789678357658
-0.168950682689303,-0.208163023618449,0.358669444923574,"Class2",0.66475677169615,0.465413087011642
2.3749671196667,0.501291035782099,0.00169997112079251,"Class2",0.176582662743905,0.0874029692523455
2.67294136085357,1.54628280272432,0.0477510787864985,"Class2",0.170355800374475,0.247632893661817
1.57453422127593,0.216094009132756,0.0104411262808795,"Class2",0.298633553801324,0.153412629735305
1.09469339262112,-0.781587863076502,0.0990970080915654,"Class2",0.347682395828931,0.265065720069386
-0.546148972871273,-0.164728743390525,0.521714663331083,"Class1",0.740372949437039,0.542808627786098
0.681772589108821,-1.9036742347732,0.991767861394441,"Class1",0.378605474006724,0.756888109955483
1.97563757802159,1.31914821598523,0.0952115507747553,"Class2",0.27273244577315,0.295079070472342
1.30298252352674,-0.365072807110061,0.0246273634452643,"Class2",0.325093559998296,0.187096019961258
0.188160241480052,-0.372794389385197,0.248720117348033,"Class2",0.577543088577231,0.400118529563078
-0.164926950785975,-0.895473746829424,0.716701877742938,"Class2",0.628472577135442,0.57214640056552
-0.0160289887605023,-0.430268020846115,0.354862686174435,"Class2",0.620366998585826,0.450813523489031
2.50566491900234,0.762504574533508,0.00222854637422829,"Class2",0.167532155935489,0.0975530421360207
-0.23557385166399,1.8173327718149,0.997683654463107,"Class1",0.76926351219417,0.883897812238479
-0.447149001462988,0.747200841198412,0.725304379656303,"Class1",0.761502904389439,0.610698638155593
1.04458396695959,1.30580484756537,0.525690739068852,"Class2",0.472239119799399,0.490789186549354
1.63801204050624,-1.07130021742741,0.0746561524078074,"Class2",0.2307874091546,0.215201958311781
0.335218060792031,-0.453754890751332,0.21735906531551,"Class2",0.539067424908815,0.376601378349138
0.414701932302734,0.479407554519643,0.197160579805949,"Class2",0.572657519556539,0.381714250384971
2.96922388100975,0.699726246083436,0.000442568686928807,"Class2",0.113863344424143,0.057966811391256
2.35959345712475,-1.39185005387336,0.0493489758357612,"Class2",0.124276607140483,0.158927184707983
1.75826923211895,0.0041487908713273,0.00585372479752908,"Class2",0.254669797817777,0.123972162488902
-0.24123689212177,-1.08263349265873,0.859968130555235,"Class2",0.635283742103792,0.640835416262555
0.0458549200625461,-1.62297426318404,0.984871943247842,"Class1",0.540886944631304,0.765536245638601
-0.857935633800543,-2.34779181303645,0.999990768809934,"Class1",0.700027456790995,0.977852995494177
1.86412425065317,0.179845436835097,0.00468566113133321,"Class2",0.243530309943008,0.117765401089908
0.783893114306132,-0.590545811508328,0.119919235695002,"Class2",0.426824741451378,0.298909294737974
-0.0511668616835927,-1.28109040108415,0.915614152822659,"Class1",0.582248931735021,0.664440251533144
-0.129859630996038,-0.256142083124092,0.351503734531706,"Class1",0.654096929317976,0.45979120644834
0.932812334008226,-0.11749600650893,0.0468848193783063,"Class2",0.418817132718481,0.240575568152654
2.15216689102786,1.20573846006237,0.0347875798544632,"Class2",0.236519561366459,0.224407491641644
1.35246443408884,-1.83027229675908,0.932706848853233,"Class1",0.248331619463497,0.565149590012758
1.00852634371786,-2.48547679749714,0.99989215547027,"Class1",0.282307996430159,0.90885742432115
0.705934606809331,-1.433052075808,0.831421946648986,"Class1",0.398456592534574,0.547125007449821
1.05349965606317,0.176898386332706,0.0367425391936893,"Class2",0.407501222328935,0.228265250269602
1.22349487151929,1.2542126126368,0.354279836335794,"Class1",0.427883556111371,0.429406497921006
1.27930451198848,0.443933110931761,0.029547026954781,"Class2",0.371525459871352,0.214946155184471
1.93479356351552,2.77544511696424,0.999943877567826,"Class1",0.35118387337933,0.957175449189889
0.731243255203696,-1.06502246369322,0.42534135870147,"Class2",0.412762178782138,0.409507554397801
1.66033886281427,1.39093637938639,0.268427644844972,"Class2",0.338703325844897,0.391648773387684
2.0739154905039,3.51718655085323,0.999999992683592,"Class1",0.359663071709434,0.997536757320673
-0.606637161215467,-2.70134430265786,0.999999600956369,"Class1",0.629971884218987,0.990486881043015
0.0732064429221012,-2.61038788297375,0.999996200985533,"Class1",0.478868024169934,0.975250118514966
-0.647272115532425,-0.87589320429729,0.85133747434355,"Class1",0.727540744383851,0.667029082603086
0.595779404871001,0.575749144645585,0.168040984487133,"Class1",0.536118473914678,0.361295574706006
0.886229880006746,0.475897209815366,0.0775161096557599,"Class2",0.462559371409759,0.28774849299754
1.5084100789853,1.14895908677432,0.138039878939987,"Class2",0.358635395275892,0.328246369151742
-0.174710692605343,-0.102240291274352,0.346201726080736,"Class1",0.671255734619052,0.462959210201193
0.777138505354678,-0.662079675508015,0.14204998121501,"Class2",0.424425531336434,0.310393763239312
1.03938683194981,1.11664799333963,0.309804555228788,"Class2",0.462824042605712,0.416161597225391
-0.0824906899520959,-0.281293333418197,0.336679312148234,"Class1",0.642681675988164,0.451279773411978
0.888297575975414,-0.535942147864242,0.0862787906934071,"Class1",0.406042418898014,0.271730802445336
-0.0183950312459102,-1.92989866735002,0.998477290536971,"Class1",0.538638328093871,0.869890441523776
1.03471965092588,0.071976436448574,0.0365018705842538,"Class2",0.406034447827081,0.226298967291334
-0.686522527803962,-2.08134557345136,0.999869339980614,"Class1",0.678503457124094,0.948060470074742
3.20401225251802,1.80081662104348,0.0485551063886279,"Class2",0.116765631619923,0.255345737903736
0.322921052612684,-2.8591462658936,0.999999579885042,"Class1",0.407387843613162,0.98574025050157
1.19051026210032,0.0610775252397576,0.0251598869377671,"Class2",0.370782249187636,0.200849406654378
1.07834066162533,-0.651752564384062,0.0731227076511084,"Class2",0.357872137843719,0.249346283843498
0.599743242105361,1.11029631812851,0.548370983592879,"Class2",0.565043412648897,0.508841832888669
1.20774010910175,0.140036796180928,0.0248923622321941,"Class2",0.371172341291649,0.20142959733896
1.31264190280748,2.21090285185668,0.997000462973531,"Class1",0.460550869981721,0.860056414474595
1.1759009255974,-0.201370057786596,0.0279972961103031,"Class2",0.360221483615944,0.201263057591375
0.98625575666961,-0.646824737756251,0.0886454652995944,"Class2",0.378201197660799,0.266206331522897
2.42435789815222,1.59061821062731,0.123025587238085,"Class2",0.20749207649876,0.316907230308462
1.31319153219074,1.12316267925131,0.190265083207697,"Class2",0.400318119678716,0.359869386044133
0.422458117343539,0.468619309805426,0.191328289563208,"Class2",0.570280948913758,0.378408757212403
0.943924183988495,0.739354526018032,0.122093097040486,"Class2",0.463898542206179,0.325051635951214
1.61333040967122,1.98908236855371,0.959521723816491,"Class1",0.379889249363994,0.720232107850912
1.51350262362181,0.624371062487804,0.0239986863661725,"Class2",0.330823510442733,0.201906712579003
-0.527126372975456,-2.01346536031398,0.999698598490847,"Class1",0.648584834404051,0.929957320046489
1.73495190593188,2.91398439949331,0.999993281874892,"Class1",0.402450701444847,0.977885513421731
1.03048462304141,2.38651049900384,0.999701820227582,"Class1",0.536427585172259,0.929081287079123
-0.35769182807665,0.89237844570742,0.782870534856164,"Class2",0.752102385984837,0.630175261803197
2.04594137509281,0.520664739538896,0.00455540770362313,"Class2",0.226722251861795,0.120143558924494
1.25829016958698,0.705424812329656,0.055305416199727,"Class2",0.390082846866465,0.258398863741882
2.07324302596454,-0.0665510635363756,0.00247930332738925,"Class2",0.200201643481768,0.0918715054540419
1.47081548151059,-1.74794065139082,0.8502167976941,"Class1",0.231497246657865,0.490639235955318
-0.213290183900745,-1.71680469093221,0.995093708353026,"Class1",0.595229740407572,0.834655505118928
2.20464792701022,-1.07498799447281,0.01678747913678,"Class2",0.14984738029688,0.128870065995994
1.62525862626173,2.34280142152967,0.997971901827755,"Class1",0.396190129191279,0.874029378166294
-0.826257167133331,-0.44452188703531,0.713240251252097,"Class1",0.776831946148374,0.622728799550957
1.23810596315722,0.664758776669674,0.0522037738688965,"Class2",0.392402644395475,0.254387748615962
1.69946567741496,0.61044836360372,0.0143256602529539,"Class2",0.292783304920789,0.172554258483581
1.77645133468623,-1.02697728229815,0.0441632617366479,"Class2",0.210216137944102,0.183448947848635
0.0242149526371231,-0.975910839952375,0.701877990785376,"Class2",0.581816946855609,0.551372782573407
1.18791861421178,-1.38903703200287,0.550027151063085,"Class1",0.298653187299881,0.406311743365178
2.58704330510495,-1.87654806827984,0.384668335489139,"Class2",0.0932046466134068,0.258171519784196
-0.399153584763184,-0.852934839541601,0.772316535214911,"Class1",0.680225062578501,0.611899966454221
1.00948304517433,-1.42549405775098,0.698736692890902,"Class1",0.332987495468249,0.466498864536633
0.521726777368253,0.521317923944773,0.174459087400517,"Class2",0.550291611945217,0.366683883487493
2.43044506669647,0.321430349285829,0.00107359547006772,"Class2",0.163520131799434,0.07364956729736
0.51187999624562,0.322251409327736,0.133718591799748,"Class2",0.541442083377208,0.340778190812831
1.84500005274697,-0.613422568352209,0.00977377499135206,"Class2",0.215086308153607,0.128262606644637
2.02116832322806,0.276977452095571,0.00331516269967115,"Class2",0.22119900739433,0.106224744720005
-0.908285420356226,-1.19604360438608,0.971044579834172,"Class1",0.760343975484991,0.789667666995398
1.97949453719683,1.2181074846799,0.0586848102912311,"Class2",0.267523707490381,0.259058693282764
0.593873743739961,0.538776490609956,0.157397020603401,"Class2",0.534487030851651,0.355009553021849
1.65991666351835,-0.581198359773565,0.0148423817581773,"Class2",0.247165599058052,0.149335289541351
2.68145641401349,4.04012779463505,0.999999999983773,"Class1",0.263426248496159,0.999675118924099
2.30292594594105,-0.288602476464084,0.00150123817450682,"Class2",0.161051138722096,0.0738051264806153
3.03494350105668,2.22812859292836,0.734397701936031,"Class1",0.14572718716423,0.567175245429557
2.54422452158603,-0.243480517369952,0.000699462126773887,"Class2",0.133957895889277,0.0573662879144096
-0.958795931640211,-2.36654786527612,0.999993442086639,"Class1",0.718640830768582,0.980831961240551
1.72111232190903,0.542358828133636,0.0115853151336089,"Class2",0.285455140653866,0.161326378386466
0.679875562908433,-1.66011510873516,0.955202330586294,"Class1",0.392045309815641,0.651623666891056
1.21400468104781,0.489449266781429,0.0375557493149457,"Class2",0.388362377395634,0.2312749653395
2.38293623103756,1.78220004317818,0.366078928845573,"Class2",0.221310395268087,0.42810978657063
-1.08609089428494,-1.41779560640999,0.993012024351292,"Class2",0.780943115596004,0.86198862467935
0.82866475461372,0.609120237358874,0.113788755743962,"Class2",0.483500794811368,0.320861329094878
2.12298186149054,0.312906474670855,0.00259504450166107,"Class2",0.206523227273316,0.0984024920297457
2.43306619991458,-2.06449315897044,0.813690284301115,"Class2",0.102181404437121,0.388841094041837
1.956310529249,1.89876181034292,0.822377874721715,"Class1",0.303249514808664,0.599188679846376
2.36130688387814,2.91622020191774,0.999961734084436,"Class1",0.272529048034886,0.96265842443253
3.17729102459888,2.27141211069102,0.720110190206176,"Class1",0.130997850876781,0.564107421935746
1.49341162254796,-0.651769824573395,0.0270335453146379,"Class2",0.274153015926199,0.178897441623189
0.403436748766321,1.06120571865558,0.601780503582476,"Class2",0.606964574580303,0.532711526288408
0.164306518838131,0.637984115475686,0.372860441065933,"Class1",0.637188621718455,0.463677930374859
1.40697527503358,-0.0558288021033795,0.0147212477256469,"Class2",0.319051121467357,0.166671868340652
0.448947107149564,0.587429285425373,0.22303638804848,"Class1",0.570767928415584,0.393763234129687
1.86782340167224,0.531686684947544,0.00762992415312555,"Class2",0.257791562758886,0.141521592090671
1.66419956740239,0.0762072197274987,0.00760967458105698,"Class2",0.27499479120063,0.136485048418711
1.13950346224875,0.109276995876453,0.028893552126152,"Class2",0.384574502494831,0.210723895502783
2.27549956330173,0.19191306418723,0.00148194394927787,"Class2",0.18001131580872,0.0805387940476695
1.71373166485048,-1.27736632247149,0.147856953722769,"Class2",0.210593898675356,0.247940088146724
2.23851182837687,1.90074257374649,0.678401182110898,"Class1",0.250504076932551,0.535499420787026
1.57004035102362,0.624394340269751,0.0207681177893598,"Class2",0.319200335305093,0.193269122320407
1.8418137234937,0.0252849273689684,0.00467516660393826,"Class2",0.240965460170742,0.115388421017344
1.28130933504871,-1.07425880712483,0.170384396738901,"Class2",0.295210975150325,0.286243211144828
0.335411257344127,1.00958292159688,0.585451336400261,"Class1",0.619323645362495,0.529369136127834
1.56632730750602,3.00548363901865,0.999998547950279,"Class1",0.446069410533432,0.986338934051051
0.339640411233822,1.09094235657123,0.663282904999454,"Class1",0.622712420936451,0.556336963230813
0.270444056663229,0.714920087252052,0.369748791925965,"Class1",0.617999650631799,0.458811162922489
1.3148899552005,-0.217034911878133,0.0202060798279356,"Class2",0.329994493323221,0.180403420585699
1.04982670537536,-0.0784281558781438,0.0353052966679427,"Class2",0.394487279130066,0.220689561341402
1.14628406271736,-0.570999549279726,0.0519916300924313,"Class2",0.347495141829443,0.227814478443096
1.02418044402446,-0.515673364846905,0.0614384852088655,"Class2",0.37680402422473,0.244204444278488
1.29541519015757,-1.34930143569478,0.429174061003545,"Class2",0.27978958215199,0.364839282484061
-0.402884707137348,1.85932778037246,0.998755163892278,"Class1",0.797453225445914,0.904574018800306
-0.144017616604472,-0.421034255656899,0.410578769567691,"Class1",0.648659321899512,0.477828464895706
0.428384930892637,-0.893038183726419,0.425939323376054,"Class1",0.492530734597354,0.434656594345425
2.17454396648879,1.44243104496106,0.105873565540126,"Class2",0.242428813651105,0.303589197774399
0.0848371541389866,-0.929096179788282,0.635370296594105,"Class1",0.570522344566464,0.524501080794716
1.67922142673745,1.82619895586159,0.851650528328827,"Class1",0.356970179672662,0.616981145305976
1.84044316245022,1.00685086708533,0.0345283772705317,"Class2",0.284027070175845,0.22386457184695
1.94456714389355,0.423089949007917,0.00502950079856842,"Class2",0.239773994000276,0.12317659056073
-0.150496106770152,1.19816693437288,0.897308502230844,"Class1",0.728034250044717,0.685764495324511
2.40400613069578,0.496338211965247,0.00154504174139745,"Class2",0.172500332385386,0.0846956794134964
0.827176238600166,-1.53482503886799,0.87215841734093,"Class2",0.366210822806311,0.56002512495011
1.7977201902431,0.764252632656157,0.0167307312704969,"Class2",0.281045174072373,0.181244657300076
-0.0771540437557585,-0.129114689191656,0.307136389355326,"Class2",0.649391782958608,0.442750045447686
1.75544611460973,0.0217267426146335,0.00590363234117193,"Class2",0.255927130868692,0.124630582177767
2.31277032193397,0.369029682625304,0.00162121619338694,"Class2",0.180756686806615,0.0848559364227072
0.00690016577772345,0.05546991332752,0.267438819656436,"Class2",0.640893596014956,0.425566415654971
-1.40908353716781,-0.699850335043656,0.916876457558426,"Class2",0.850171016492312,0.759267800169102
-0.428291338279122,-0.648682441329286,0.659591379843112,"Class1",0.695977495697729,0.57418864752632
1.96412657670506,4.11772049932371,0.99999999999944,"Class1",0.416201736737272,0.999880769845255
1.52807724606158,0.192423195426951,0.0115539678136586,"Class2",0.306695790122123,0.158197862825335
1.56272544978797,0.847725429252129,0.0400560082802246,"Class1",0.331770556389284,0.234240501468484
1.08560918992551,0.248601009046706,0.0361477635922811,"Class1",0.404146495367452,0.227802901262853
-1.22480897663848,-1.9088655612799,0.999783374100776,"Class1",0.784207353656788,0.950881827246446
0.277517044461448,-0.662789638647358,0.333620097142152,"Class1",0.540782287706773,0.419905661420551
1.14607888496617,0.481053177253545,0.0434370924918661,"Class2",0.403132301906924,0.241699915680359
0.397846478387067,-0.515216276905607,0.214762458942422,"Class2",0.520991890927734,0.370450382693872
1.60626039258999,1.10968522553043,0.094001009058021,"Class2",0.335844320561494,0.295562533513612
-0.17463051847345,-1.62119199766631,0.990045132076248,"Class1",0.59169392181397,0.800611325258386
0.284144727852553,-1.12667380451318,0.721989281111015,"Class1",0.513142773059108,0.536703274124851
-1.27956734108814,-0.408155058140503,0.827049234996477,"Class1",0.842955488910575,0.699161633250355
-1.39275101072085,-2.52570146578524,0.999999288497884,"Class1",0.787269770040063,0.991914708589395
0.168318029406734,0.417538847088384,0.270196692218959,"Class1",0.624728865250191,0.423482265014722
0.164554702784468,-0.417647194055387,0.271768835059559,"Class2",0.580468624398024,0.40975380998776
0.696832744271036,-2.64910947122355,0.999990313631831,"Class1",0.336745932378367,0.958521143751818
1.8118788724912,-0.826383593359184,0.0195599178813006,"Class2",0.212226716046857,0.150902438928069
1.55732379719173,-0.149550065849579,0.0104054188468303,"Class2",0.284915724037495,0.146543893437816
1.53067059054218,-0.913717093472089,0.054157795979046,"Class2",0.255841578827698,0.20607744461076
0.401197666925174,0.39046380716437,0.178042957570818,"Class2",0.570841441000912,0.371477548251549
0.489984609737536,0.70023575551758,0.259738917249769,"Class2",0.567579280133877,0.40918207781406
-0.59473875316947,0.782818482922174,0.793203439739307,"Class1",0.787062405102335,0.645500597353066
1.91230613473463,-0.0337171210080136,0.00385807444824942,"Class2",0.226745269943958,0.107236238750177
-0.131127799014866,-1.77089113622194,0.996053325738094,"Class1",0.573565068716649,0.839503968635362
0.642341196325635,1.35243881094967,0.784312788016307,"Class1",0.568658744688737,0.596631182888299
0.650083321397199,-1.81861939002028,0.985657258118714,"Class1",0.39017582566051,0.727383352741643
2.61137712161307,1.27896185228699,0.0131886080525532,"Class2",0.169984325317795,0.171765702208386
1.43991800389267,0.550889633300953,0.0244218986756937,"Class2",0.342521414107254,0.202946625692385
2.51390437681618,2.21661394919324,0.926559519968364,"Class1",0.217081770885452,0.678395196488027
2.13706223982685,2.25489822140532,0.981685906292185,"Class1",0.284773054579934,0.770934709855925
1.34676403605307,-0.601102327571845,0.0344351730225617,"Class2",0.304752559121936,0.196993639521228
0.126576188311128,-0.170683672274365,0.231815017600541,"Class2",0.602533537014024,0.400504671703513
0.829048152475519,-2.67760645123159,0.999990302106301,"Class1",0.308277656794797,0.95636030689691
1.31481909359071,0.150796416830595,0.0192669536122296,"Class2",0.348616704051907,0.185793733466736
0.65658828970182,1.62670234529372,0.947495475978529,"Class1",0.580524736034829,0.713350188878192
0.535748832757831,-0.100624838746628,0.108258702258556,"Class2",0.512081632537867,0.314655207227996
1.79929196003495,-1.42756912767847,0.236824799030073,"Class2",0.192251954216241,0.273423932121282
3.14660780846321,1.39900967766299,0.00468362811445977,"Class2",0.113015315413593,0.129697167604525
2.44396905045668,2.03414861827636,0.767274710684989,"Class2",0.22125167169632,0.573611293731175
0.417180869975322,-0.859031979967016,0.402923667890634,"Class2",0.4970743174216,0.428968806100419
0.240023739862902,-0.104364852963761,0.186975186600089,"Class1",0.580461630601343,0.375036975240138
1.49971528939211,1.5891446838626,0.645999838370061,"Class1",0.383718666266056,0.525569150033563
-0.719979600959769,-0.617371188984034,0.749993842086987,"Class1",0.751882138380603,0.628003125478719
-0.848650610810635,-1.44843578702269,0.991415641615647,"Class1",0.73917937640338,0.8430371977257
2.69032969725832,-0.326411519031393,0.000492686238968719,"Class2",0.116905475022145,0.0497231408390303
0.179486568816297,-1.85132364432238,0.995886595044063,"Class1",0.496781532234511,0.821610987187659
0.00461310968980755,-1.40135746702264,0.948747340939363,"Class1",0.562813164273974,0.694802175808759
0.761393462390527,-1.64740944911297,0.942088588618894,"Class1",0.37466380419829,0.626680625610886
2.27272636340879,0.679423437714232,0.00348680222307234,"Class2",0.197238810389759,0.111568758943422
1.12722025818869,0.896535213955947,0.129993657760412,"Class2",0.430213060329503,0.327604644338081
1.16007972188607,-1.47436926978632,0.680965642238022,"Class1",0.300086514907207,0.447657662525498
0.732222793946863,-1.15407875772949,0.523013709167403,"Class1",0.407677189371728,0.436788166071734
0.0521130646209809,1.4196607557752,0.949121869753324,"Class1",0.699467009936113,0.72964539707157
0.858502384511159,-0.439109698071469,0.0773595639535536,"Class2",0.418102160221458,0.268088018745477
-0.967391368928428,-2.10763356505787,0.999934398868791,"Class1",0.731887884320021,0.961904153439663
0.427244314134495,0.905149125113724,0.437231317605383,"Class2",0.593157753404392,0.476994762827613
-0.0592678470222996,-0.279049907588258,0.325978816743022,"Class2",0.63778483099922,0.446093609887451
0.435024975087091,-0.22450793990218,0.140989991725268,"Class2",0.528664102881339,0.337964704408025
2.13459680468899,2.48976090529277,0.998009395676432,"Class1",0.29617301276583,0.87524005782212
1.02917391221017,-1.07582022337699,0.277798268960442,"Class2",0.346549882404126,0.342469654423068
0.380905098114377,0.119734144181812,0.146520596087011,"Class2",0.56050258406913,0.350641385932396
0.40022884852427,-1.17191547990811,0.713874665446031,"Class1",0.483398382131703,0.523965818021859
0.311220155114842,2.06249605192349,0.99895841339916,"Class1",0.678522776484377,0.902070993721132
1.34117035643784,3.18491766158692,0.999999911945757,"Class1",0.508741038748638,0.994374806525059
0.55043254629891,-0.356228255700641,0.129243612784441,"Class2",0.494221341204605,0.322165094962454
-0.0942057344922453,-1.93771257922522,0.998765799105634,"Class1",0.555805100186442,0.879949132498651
-0.446273131597876,-2.58409419484584,0.999998163780599,"Class1",0.600668991482079,0.983862446938078
0.416656143539996,-0.102040665805257,0.136201024295283,"Class2",0.539825321279373,0.338563479376039
2.17713935880743,-0.777138072769905,0.00609375317183654,"Class2",0.162085566170346,0.102969427423614
3.24604399391176,0.183138658827924,7.24625096354991e-05,"Class2",0.0810681365626321,0.0292085691623752
2.17624723952247,-0.252665063159122,0.00208265772241274,"Class2",0.178934426412866,0.0833088574479234
0.456682698498986,-0.0348183694049565,0.124264409634773,"Class2",0.534270000833273,0.330522538492572
1.41663705307935,0.826841868241088,0.0537933435697242,"Class2",0.361704043149724,0.255236653504177
0.731515177210679,1.76274965979659,0.974531624909464,"Class1",0.57087105213705,0.759248355759594
1.75335787173141,-0.181195434261743,0.00633125801912732,"Class2",0.247668139096213,0.123411070520438
2.76913612474223,0.133935385660512,0.000323490311800914,"Class2",0.120042123531829,0.0478488932183244
3.43475801757835,3.70155388901418,0.999999965211322,"Class1",0.140552982656831,0.996484227586529
0.155134078121243,-2.0525356817342,0.999184362015349,"Class1",0.491135458256672,0.883122166183069
0.640072170341893,1.50190999914022,0.89561124426579,"Class1",0.57743261643063,0.661900791106078
-0.540656171057422,-0.666478050649473,0.713253123684455,"Class1",0.716977157899467,0.600972527645274
0.492360798938155,-0.488515362755013,0.174234188079848,"Class2",0.500364245935829,0.346897317389286
-0.356605538018837,-2.07547239943564,0.999752276335745,"Class1",0.608021704904156,0.929513159314089
2.17715277428914,1.33567293628363,0.0609817655669944,"Class2",0.237587905047604,0.261882274234474
2.09049305205913,1.58734624547904,0.265869320557891,"Class1",0.263486903887272,0.389131060599606
1.14399124915225,-0.0212314701779298,0.0279545076724129,"Class2",0.37663914741988,0.206071369334307
0.879963903429403,-0.201693711401265,0.0555439583592999,"Class2",0.426266442915466,0.251207834808876
0.906659375135175,0.649754597397514,0.105896160769853,"Class2",0.467557529113975,0.313419180450792
1.69316779762615,0.195400643169242,0.00751481104181128,"Class2",0.274945002965309,0.137663324674548
0.877664001427288,0.451428484553923,0.0757312868130674,"Class2",0.463182442637279,0.285917231492525
0.47128838580375,-0.930425936259356,0.436442071477337,"Class1",0.480377562661169,0.434099499218687
1.09078319864669,-0.806349894366253,0.10725156436729,"Class2",0.347246214332173,0.269987422011361
1.24259992188227,-1.15561527319189,0.245433488836037,"Class2",0.298952990113931,0.315968263420404
0.495308021419157,-1.63057301328553,0.963661231994787,"Class1",0.435593781781705,0.680455545316642
0.911927292548783,0.450918475566408,0.0702064804089736,"Class2",0.455178978645136,0.279474964296855
-0.121822841814284,0.00265405527219992,0.31879644120709,"Class1",0.665516014707923,0.45152753447911
1.3460925680359,0.479250301719889,0.0267211179934793,"Class2",0.358862144153445,0.208497407248017
-0.122816274269359,1.20646894359224,0.896018718334546,"Class1",0.723242313145646,0.683847476419219
2.56332791257161,-0.169830440075148,0.000621283820398542,"Class2",0.133809164958063,0.0560658386155354
-0.428699943573791,0.331366690262157,0.510061373049971,"Class1",0.740735053781321,0.535783479512401
0.550226122332112,0.258419312736524,0.116351773270756,"Class2",0.528918138659889,0.326740280755294
0.253372177773915,0.260450402397675,0.200380965785557,"Class2",0.597364341678638,0.387126074356841
1.33618451628744,2.32623762572581,0.998880011379588,"Class1",0.461536025960613,0.894269429490666
0.601787694683889,-2.24560248182316,0.999594285859563,"Class1",0.378087103717128,0.887110594302177
-0.142973537909372,-0.330032243568379,0.377470488188144,"Class2",0.653104048829364,0.468291030391859
-0.010008376191659,0.789911610906253,0.566581564564987,"Class1",0.681539087001951,0.535749383262801
0.491780809731016,0.0996570343700507,0.117941645444989,"Class2",0.533636422862845,0.327363237963811
0.591554239960313,0.47850182382831,0.142440307351174,"Class2",0.531642090377947,0.345533157452726
0.0451271526220756,0.175537648339607,0.263271297239112,"Class2",0.638881830750993,0.423579190888327
0.70908840732558,-1.63319035416649,0.943528121290034,"Class1",0.386979492522682,0.632813408314516
1.16642147624426,0.0363992116644289,0.0265374875205224,"Class2",0.374758928658029,0.20384344715874
0.232105791611282,-0.0157957314212352,0.186261540671543,"Class1",0.587121835643168,0.376719636515697
-0.149418366744499,-1.55257084164053,0.983941434597763,"Class2",0.589725118315465,0.774761626734958
1.04030019406438,-1.38396379230578,0.630337804528025,"Class1",0.32866817761911,0.441965615715951
2.15264279070737,-0.997358950505243,0.0141664640768131,"Class2",0.158486234224348,0.125912503337832
1.11191713854101,1.99489540764601,0.988883094522692,"Class1",0.495314568606243,0.801582777224775
-0.367096342081572,0.478099135072407,0.54100725994919,"Class2",0.735978389297504,0.543086438468501
0.140045399328705,-2.41611594524253,0.999969300060704,"Class1",0.474178372956392,0.953274360699552
0.52072234514738,0.215731416259909,0.118930737555335,"Class2",0.533405297450038,0.328947203982816
1.3615211302644,0.515331460091417,0.0275810660055897,"Class2",0.357409920977785,0.210571493085912
-0.231667647219853,-0.748419701429299,0.639424091155579,"Class1",0.650540069542921,0.551920891282294
1.36014649230271,2.88483759856714,0.999996470261571,"Class1",0.487366360039134,0.981873124368741
2.82699915755739,2.52447038579635,0.988942401969673,"Class1",0.181424050584948,0.804415528865419
-0.14320832055217,-1.66623335935273,0.992115823893075,"Class1",0.582089115202257,0.809917096452174
-0.0191039876034762,-1.72751484421074,0.993351874735411,"Class1",0.550131973131156,0.81087584053358
-0.261877432843292,-1.95411531068348,0.999213532359262,"Class1",0.593295898607744,0.899525881289008
0.0779833286343656,0.204274492095676,0.254694995972448,"Class2",0.633254599978789,0.41880037416938
1.51745762180145,3.13781348267583,0.999999748619066,"Class1",0.464834684284076,0.992169861064507
1.89683289684372,2.52519738692193,0.999283190147529,"Class1",0.346436582516931,0.906976979500106
2.14222721998084,0.641166249763815,0.00458625990876396,"Class2",0.215859162514799,0.121303999021254
0.785879390552554,0.861290025921621,0.229411168981376,"Class2",0.507748113995359,0.388164411107054
-0.11102823926563,-0.0195760844528005,0.314396934298147,"Class1",0.662138539248616,0.44899687283598
-0.2657368989006,-1.22040833875885,0.923871029739618,"Class1",0.633397506689223,0.688004656283063
0.631053432534255,-2.67316179878245,0.999993539745943,"Class1",0.349416652209836,0.964008649623451
1.07306615061672,-0.864604769086884,0.132234611853574,"Class2",0.348030411959528,0.284150621612102
1.27890976366218,0.194444404528203,0.0216825947083922,"Class2",0.358560622418492,0.19349391397049
1.38124973493373,-1.59437164219276,0.71909404816124,"Class2",0.253266124721846,0.441568244348762
1.24925232777332,0.0551434721749325,0.0217841155611521,"Class2",0.357723302063394,0.191681477409528
0.3516212871298,-1.67375907190321,0.979667024806026,"Class1",0.46651605686656,0.727853944906501
-0.915020108554083,-0.316866923829168,0.703369927789419,"Class1",0.795646864201836,0.625850373071017
1.40328422306332,2.29345779144917,0.998202371100708,"Class1",0.444121907311904,0.878663704453147
2.51324727703705,1.54979685740301,0.0768429012182426,"Class2",0.192688182564315,0.28015846303198
1.84929439677518,3.04604377678697,0.999998101033054,"Class1",0.383994040262879,0.985231299070736
-0.311395544572465,-0.87785158339903,0.758531346071726,"Class2",0.660815148476645,0.599488973803767
-0.086951498629916,1.04571227178667,0.795665285530004,"Class1",0.709035516365534,0.624932569214448
1.33204861649034,1.58667202185055,0.734209942547018,"Class1",0.421357898866748,0.561564913074669
1.61688817943652,3.74841335066137,0.999999999927291,"Class1",0.475949171858217,0.999420919058197
0.236495632666055,-1.7962655084606,0.993097617010509,"Class1",0.486533008736278,0.794275748870066
1.17880623511669,1.28509986645193,0.417616415712418,"Class1",0.439883573261148,0.452226540169524
1.35484948512593,-0.510123557322846,0.0277501841277072,"Class2",0.307504429092582,0.188000789868986
0.312581250062032,-1.51770076231949,0.950833538760212,"Class1",0.484424223072767,0.674214187188841
1.25111430600978,-0.275614000678958,0.0250049190420286,"Class2",0.340367823157822,0.191463384397159
1.65274700600456,0.604822157065509,0.0159818779431992,"Class2",0.301664168132305,0.178416181939186
-0.189555962389992,-1.0657156430147,0.838000479284251,"Class1",0.624884046950716,0.624904333995611
0.0425266081340108,-1.09444244658225,0.787545553541029,"Class1",0.571095284012924,0.582550697397652
-0.0978595480348252,-1.74215797686543,0.994852240386835,"Class1",0.567513874286085,0.826629088576109
1.12951295373752,-0.337588005125857,0.0360457632876155,"Class2",0.363161498356369,0.213305480696747
0.733906457128478,-0.547331190461235,0.121703787475379,"Class2",0.440726725237918,0.303633711310627
1.3666502471089,1.69586845358245,0.838226690971484,"Class1",0.419460700202269,0.611495246023138
2.03634150113453,1.26417828613467,0.0626362713779969,"Class2",0.259204705314321,0.263655578165672
2.16707234636749,0.673379161328416,0.00464870886441118,"Class2",0.21316049150551,0.122048004566593
1.43834178297563,1.05299567823897,0.111763879091484,"Class2",0.368821262723934,0.310948975085087
1.58418326721413,2.48516291287025,0.999539057198189,"Class1",0.413204064102798,0.918292489933422
0.357193171560367,-0.655387989741671,0.293004382421262,"Class2",0.522605611831713,0.400642062044053
0.488721052418671,-0.715293571880799,0.268563706927355,"Class2",0.488423401702856,0.381977534289261
0.70310286269759,-0.494542980478317,0.117540396994689,"Class1",0.450802816194232,0.303852044971933
0.875591178134373,-0.238139557121451,0.0578073714561125,"Class2",0.425257378023037,0.253084712210977
1.25219046203858,-1.46361571594471,0.614522996337247,"Class1",0.282763995970992,0.419317977356496
1.1795165197902,-0.765615050580606,0.0783519858923177,"Class2",0.330673594392059,0.246252451659808
1.98943562812479,2.31091285330425,0.992682879285068,"Class1",0.316501234756808,0.820040724318203
0.623323693703202,1.06622755831337,0.487334844647115,"Class2",0.557151310134737,0.48791427542426
1.84083168708794,1.34880454601714,0.151761938859308,"Class2",0.299903144674339,0.334458099110578
0.0101604053223372,0.0900018009158943,0.268128068246027,"Class1",0.641983308376604,0.426165851647721
1.54546246340798,-0.647228251170253,0.0234122103221755,"Class2",0.264752069837592,0.170689736040114
1.05297027626731,-2.39465338488693,0.999708750749389,"Class1",0.278041021331533,0.879556298714513
2.25267640616903,1.24886206861184,0.0322657856166172,"Class2",0.22160645165676,0.219983273852634
0.685182993146755,-1.39406197140711,0.805738870728604,"Class1",0.405246829588914,0.536408421876999
0.65157366357183,2.96115092168111,0.999999736384135,"Class1",0.652672811010116,0.992088594552266
0.0879079761884504,0.187482783980971,0.248419041989433,"Class2",0.630208802429703,0.415462759972178
0.716047902851728,1.38580222767548,0.786885790827901,"Class1",0.553501206062102,0.596046019162117
0.613063623167519,2.12556281338005,0.998812525006406,"Class1",0.617349625691161,0.895930998418957
0.0962565994010982,0.393869886006077,0.292329025840602,"Class2",0.639194232455648,0.43522731253758
2.48989987390191,-0.572059833479354,0.00140653977932929,"Class2",0.131284388839134,0.0664837263185107
0.0735885714091574,-0.118953855395665,0.246018673729711,"Class2",0.61712716494106,0.410385513788027
1.44496763853782,1.79328667890404,0.893236249903295,"Class2",0.406994037753768,0.647524073000693
1.09994597041564,0.912702413499237,0.144820446339693,"Class2",0.437388030892764,0.337580485139745
2.67588813263947,-0.206876428585125,0.000453411921673196,"Class2",0.121153482124287,0.0498590790861372
1.06683906008103,-0.664168441147999,0.0773386953393183,"Class2",0.359707547564349,0.253112563574259
0.683800004899923,0.777150929680343,0.222148532939715,"Class2",0.526894484071253,0.387218481257392
-0.646933069449368,-1.99722520983156,0.999722102071052,"Class1",0.674537959417517,0.934483500003544
-1.54725139082193,-3.39842572737583,0.999999999981519,"Class1",0.778403181926608,0.9997155801772
1.581063198647,1.45072944484648,0.388684146279515,"Class2",0.358638239074832,0.437143768914807
1.28965349994511,1.27628115630796,0.342052467789135,"Class1",0.413984007379326,0.423985177916402
-0.136256961983506,-1.35923541303445,0.950913663113207,"Class1",0.597276137552297,0.707989984561755
2.33352926892215,-0.0974332665822001,0.00118462483221595,"Class2",0.163014801985478,0.0710554125254456
1.26042976270379,2.07914726851319,0.991894794720592,"Class1",0.465324590004428,0.816533564238907
2.1856414862825,-0.150348772636982,0.00186713876688734,"Class2",0.181043128223613,0.0820840118391399
-0.152645780916832,-1.32227683985391,0.942538602275489,"Class1",0.602964051321935,0.698811034452574
1.11092662139455,-1.18608640458563,0.341845029656019,"Class1",0.32393392830905,0.355317515624549
0.67173329552515,1.80509086691454,0.983422530653309,"Class1",0.586858715522159,0.78506219153103
2.35028572329532,4.20982696405961,0.999999999999635,"Class1",0.336364852799166,0.999900182440021
2.08995696519724,-0.280351976601981,0.00274205042313344,"Class2",0.190162542296521,0.0909500967808311
1.20051721239911,-0.0772662534208808,0.0246662792350541,"Class2",0.361360173903823,0.19662099124354
1.41501105291536,-2.26315049785045,0.99755978757644,"Class1",0.220311323032022,0.773082287090543
1.15011475284377,1.318872600791,0.478530105098986,"Class1",0.448404252077894,0.473178993474363
0.612624340413577,0.363805433120036,0.115515362920837,"Class2",0.52026453504989,0.325551701047829
0.303163903995551,-2.46644863879775,0.999973597575104,"Class1",0.433490017014693,0.952400424601474
1.91784953945009,1.79352193251825,0.703102013877579,"Class1",0.305853873937546,0.544701708882859
1.76781385389011,1.92035467549573,0.901576321310321,"Class1",0.342916523722055,0.652403076280794
0.795482489327132,-1.01117190908548,0.337917990035885,"Class2",0.40116471418092,0.379163003508109
0.190412819724602,0.993085963791962,0.642070579060717,"Class2",0.649959024383624,0.553841693729002
0.489742892486671,-0.381466780907638,0.149768029041072,"Class2",0.5070173424129,0.33668647062747
1.37845590133634,2.58838781517595,0.99990509725558,"Class1",0.466397201880454,0.949430483120499
0.60764464903092,1.03623698106122,0.464668597741187,"Class1",0.559106238164279,0.48081079454275
1.91567834113763,0.685727733903892,0.00970966551049652,"Class2",0.255866313483749,0.153429077770258
1.12728773462337,0.990546119203369,0.175611494576601,"Class2",0.435406183964616,0.354917872869669
1.49050444892683,2.03353767948701,0.979065937752689,"Class1",0.409782947756036,0.7634074517809
0.235926898692861,0.201418967620756,0.197523200392458,"Class2",0.598092394408159,0.385675983933795
1.0973907795251,-2.78309702673292,0.9999941882514,"Class1",0.252843388265427,0.958232692056357
1.37326321965606,1.49919493905127,0.591815129025386,"Class2",0.407194730567649,0.507895341364429
1.8127066679504,0.360832529908071,0.00654690650036478,"Class2",0.260305709003466,0.133461259274323
1.79242607041656,1.92215223143475,0.89677815607176,"Class1",0.337828362775758,0.648351885188764
1.7970294260346,0.564714252771617,0.0099309609718305,"Class2",0.272164016326124,0.153894060721347
0.804865661734114,-0.555848467708065,0.107038199107435,"Class2",0.423934088836079,0.290363755931707
1.80111488950327,0.0996046503447887,0.0053187153234303,"Class2",0.251152732227075,0.12163598436464
2.15123060360853,0.692653324231263,0.00512502040538607,"Class2",0.216398211111168,0.125954866825224
1.36772374272591,-0.650508224625437,0.0368533474802989,"Class2",0.298267092580337,0.198553197035358
1.74178598874646,-0.810934194474092,0.0224204292381366,"Class2",0.224023416493466,0.15900157215495
0.530390653836677,1.09229495248673,0.566889711649087,"Class1",0.579956836390637,0.517027483430965
2.63192478208491,1.02494420714427,0.00387922190284118,"Class2",0.159449709935416,0.118109469638833
0.667225110063902,-1.97474068460499,0.995393700218541,"Class1",0.378039966442247,0.788158480283157
0.818258698565693,0.844539165522091,0.20686384947498,"Class2",0.499216470657406,0.376792287203012
1.67388701336184,-0.732902057364034,0.0211681387142304,"Class2",0.238463856450399,0.16036757332397
0.760378248655835,-1.62989567382016,0.935639387978148,"Class2",0.375813550822873,0.619033839939238
2.09653409906377,-1.26006738411948,0.0523209205876933,"Class2",0.157594317143225,0.17402513531562
1.68636486745531,-0.0996727801613552,0.00723455409590175,"Class2",0.26310401506333,0.130925857888489
-0.687392555462089,-1.44520123701135,0.98854147536237,"Class1",0.709157130738011,0.822458922436192
1.31133064635048,-1.20967753152456,0.261161678220207,"Class1",0.283145875114112,0.315904727928269
